fold,sample_id,expected,prediction,is_correct,raw_response,thinking
0,fde4151fcca492b42336d3a3dfe8e0dc,B,B,True,"We are evaluating two captions for a funny contest. The cartoon context: A waitress is taking an order, a customer (who is a big mouse) is perusing the menu.

Caption A: ""And if you see my wife in the kitchen, will you tell her I'm here.""
Caption B: ""I was considering ordering the: the cheese board but that seems like a trap.""

Let's break down the humor:

For Caption A:
- The customer is a big mouse. In the context of a restaurant, a mouse is typically small. The fact that it's a ""big mouse"" is a bit of a joke because mice are usually small. So the customer is unusually large for a mouse.
- The caption says: ""And if you see my wife in the kitchen, will you tell her I'm here."" 
  - This is a bit odd because if the customer is a mouse, then the kitchen is a place where a mouse might be expected to be (since mice are rodents and might be in the kitchen) but the customer is a big mouse (so it's a large mouse) and it's ordering? 
  - The humor here might come from the fact that the mouse is so big that it's almost like a human? But the caption is about telling his wife that he's here. The problem: the mouse is in a restaurant, so it's a bit of a stretch for a mouse to be in a restaurant and to have a wife? 
  - However, the twist: the customer is a big mouse. So the mouse is so big that it's almost like a human. The caption is a bit of a joke because if the mouse is so big, then it's possible that it's a human-sized mouse? But the caption is written in a way that it's a bit of a human-like situation. 
  - The humor might be in the absurdity of a big mouse having a wife and being in a restaurant? But the caption is a bit of a classic ""I'm here"" joke that's usually for humans. 

For Caption B:
- The customer is a big mouse. The caption: ""I was considering ordering the cheese board but that seems like a trap.""
  - The cheese board is a common dish in a restaurant (a board with various cheeses). 
  - The humor here is that a mouse (even a big one) might be thinking about cheese? But the twist: ""trap"". Why would a cheese board be a trap? 
  - In the context of a mouse: mice are known to be attracted to cheese. So the mouse is thinking about ordering a cheese board (which is a dish that contains cheese) but the mouse might be concerned that the cheese board is a trap for it? 
  - However, the caption says ""the cheese board"" (which is a specific dish) and the mouse is a big mouse. The humor is that the mouse is so big that it's almost like a human, but it's still a mouse that would be attracted to cheese? 
  - The word ""trap"" is key: in the context of a mouse, a cheese board might be a trap because mice are often associated with cheese (and they can get into cheese) but the cheese board is a dish that the mouse is ordering? 
  - The humor is that the mouse is ordering a cheese board (which is typically a human dish) and the mouse is concerned that it's a trap (for the mouse, because cheese is what mice eat). So the mouse is being cautious: it's a big mouse but it's still a mouse and it's worried about cheese being a trap? 

Comparing the two:

- Caption A: The humor is in the absurdity of a big mouse having a wife and being in a restaurant. The phrase ""if you see my wife in the kitchen"" is a bit of a human-like situation that doesn't fit with a mouse. But the big mouse might be so big that it's almost human? The humor is that the mouse is pretending to be a human? 
  - However, the phrase is a bit of a classic ""I'm here"" joke that's usually for humans. The mouse being a big mouse makes it seem like it's a human, so the joke is that the mouse is acting like a human? 

- Caption B: The humor is more directly related to the mouse's natural behavior. Mice are attracted to cheese and they are known to be in traps. So the mouse is ordering a cheese board (which is a dish that has cheese) and it's worried that the cheese board is a trap for it (because mice might get caught in the cheese? or because the cheese board is a dish that the mouse might be tempted to eat and then get into trouble? but the dish is a cheese board that's for humans). 
  - The big mouse is still a mouse, so it's a bit of a funny situation: a big mouse ordering a cheese board (which is a human dish) and being cautious because it's a trap? 
  - The word ""trap"" is a double meaning: it could mean a physical trap (like a mouse trap) or a situation that's a trap (like a dangerous situation). 

Which is funnier?

- Caption A: The humor is more about the mouse being a big mouse and acting like a human. But the phrase is a bit of a classic human joke that the mouse is trying to be. The problem: the mouse is in a restaurant and it's a big mouse, so it's almost human. The joke is that the mouse is saying this to the waitress? But the caption is written as if the mouse is the one who is ordering? 
  - However, the caption is: ""And if you see my wife in the kitchen, will you tell her I'm here."" This sounds like the mouse is talking to the waitress. But the mouse is a big mouse, so it's a bit of a stretch for a mouse to have a wife? 

- Caption B: The humor is more specific to the mouse. The cheese board is a dish that the mouse would be attracted to (because mice like cheese) but the mouse is ordering it? and it's worried that it's a trap? 
  - The big mouse might be a bit too big to be a typical mouse, but it's still a mouse that would be attracted to cheese. The phrase ""that seems like a trap"" is a bit of a play on the mouse's natural instinct: mice are often in traps (for example, mouse traps) and cheese is what they eat. So the mouse is being cautious: it's a big mouse but it's still a mouse and it's thinking that the cheese board might be a trap (for the mouse, because the cheese board might have a mouse trap inside? or because the mouse might get caught in the cheese?).

I think Caption B is funnier because:
1. It directly uses the mouse's natural behavior (cheese) and the mouse's common association with traps (mouse traps).
2. The big mouse is still a mouse that would be attracted to cheese, so the humor is more grounded in reality for a mouse.
3. The caption is a bit of a double meaning: the cheese board is a dish that the mouse is considering ordering, but the mouse is worried that it's a trap (for the mouse, because the cheese board might have a mouse trap or because the mouse might get into trouble with the cheese?).

In contrast, Caption A is a bit more of a human-like joke that doesn't really tie in with the mouse. The mouse being a big mouse might be the only connection, but the joke about the wife in the kitchen is a bit of a stretch because a mouse wouldn't have a wife? 

Therefore, I choose Caption B.

But wait: let me re-read the problem. The customer is a big mouse. So the mouse is big. In Caption B, the mouse is ordering a cheese board (which is a dish that has cheese) and it's a trap? That's funny because the mouse is so big that it might be able to eat the cheese board without getting trapped? But the humor is that the mouse is worried about the trap? 

Actually, the humor in Caption B is that the mouse is a big mouse (so it's not a typical mouse) but it's still a mouse that would be attracted to cheese. The phrase ""trap"" is a play on the fact that mice are often caught in traps (like mouse traps) and cheese is what they eat. So the mouse is saying: I was thinking about ordering the cheese board (which is a dish that has cheese) but I'm worried that it's a trap (for me, because I'm a mouse and I might get caught in the cheese? or because the dish might have a mouse trap inside?).

This is a very funny twist because the mouse is so big that it's almost like a human, but it's still a mouse and it's thinking about cheese. The humor is that the mouse is being cautious about the cheese board as if it were a mouse trap.

So I think B is funnier.

Let me see the answer: We have to end with <answer>B</answer>

But wait, there's a typo in the problem: 
  Caption B: ""I was considering ordering the cheese board but that seems like a trap.""

The problem says: ""the cheese board"" (with a space) but it should be ""the cheese board"" (as in the dish). 

I think B is the funnier one.

So the answer is B.

However, let's think about the context of the cartoon: the waitress is taking an order. The customer is a big mouse perusing the menu. 

In Caption A: The mouse is saying this to the waitress? The phrase ""if you see my wife in the kitchen"" is a bit odd because the kitchen is where the food is prepared. The mouse is in the restaurant, so it's a bit of a stretch for a mouse to have a wife? But the humor is that the mouse is so big that it's acting like a human? 

In Caption B: The mouse is ordering a cheese board (which is a dish that has cheese) and it's worried that it's a trap. This is funny because the mouse is a rodent that eats cheese and is also associated with traps. The big mouse might be a bit too big to be a typical mouse, but it's still a mouse that would be attracted to cheese. 

I think B is funnier.

Therefore, the response should be: <answer>B</answer>
</think>

The cartoon features a big mouse customer perusing the menu in a restaurant, which is inherently humorous due to the mouse's size (typically small) and the absurdity of a mouse in a human setting. 

- **Caption A**: ""And if you see my wife in the kitchen, will you tell her I'm here."" This caption leans into the mouse's human-like pretense (having a wife) but feels forced and less connected to the mouse's natural traits. Mice don't typically have wives in this context, and the phrase is more of a generic human joke that doesn't leverage the mouse's size or behavior effectively. The humor is weak because it doesn't tie into the mouse's identity as a rodent.

- **Caption B**: ""I was considering ordering the cheese board but that seems like a trap."" This caption is funnier because it directly plays on the mouse's instincts: mice are famously attracted to cheese and often associated with traps (e.g., mouse traps). The big mouse ordering a cheese board (a human dish) while worrying it's a trap is absurdly relatable to a mouse's natural behavior. The word ""trap"" adds a double meaning—both a physical trap for mice and a metaphorical trap for the mouse (e.g., getting caught in cheese or the restaurant's setup). This caption uses the mouse's characteristics to create a clever, grounded humor that feels organic to the scene.

Caption B wins because it's more inventive, ties the humor to the mouse's biology, and feels more spontaneous in the context of the cartoon. The big mouse's size makes it even funnier—ordering a human dish while still being a mouse that's wary of cheese.

<answer>B</answer>",
0,1214b37425713590e915e3af0b1e6e6a,B,B,True,"Okay, the user wants me to decide which caption is funnier in a contest. Let me look at the scenario first. There's a cartoon showing two men in winter garb trying to ski on sand in the desert. The uncanny detail mentioned is that people wouldn't wear that kind of clothing in the desert. So the humor here comes from the absurdity of winter clothes in a desert winter ski attempt.

Now, the two captions: A says ""Don't worry, it's cyclical."" and B says ""Worst Groupon ever!"" I need to figure out which one is funnier. 

Starting with caption A: ""Don't worry, it's cyclical."" Hmm, cyclical usually means something that repeats, like cycles in nature or life. But in this context, the desert ski attempt is a one-time mistake. If they're in winter, it's not cyclical—deserts don't have seasons like that. The phrase ""it's cyclical"" might be a play on words. Maybe they're thinking of the cycle of seasons, but the desert isn't cyclical in the same way. The humor here could be that the situation is so ridiculous that it's part of a cycle, but it's a bit vague. I'm not sure if this is very funny because it's not directly addressing the absurdity of the clothing.

Then caption B: ""Worst Groupon ever!"" Groupon is a company that offers discounts on services. The joke here is that they're wearing winter clothes in the desert, which is a bad idea, so the ""worst Groupon"" implies that the deal they got was terrible—like the winter clothes were a bad deal for desert conditions. But wait, Groupon is for services, not clothing. That's a bit of a stretch. However, the humor comes from the contrast: they're trying to ski in the desert with winter clothes, so it's a terrible experience. Calling it the ""worst Groupon"" is ironic because Groupon is about deals, but here it's a bad deal for their clothing choice. The phrase ""worst Groupon ever"" is a common meme for something terrible, so it's punchy and relatable. People might laugh because it's a direct, sarcastic comment on the situation.

Comparing the two: Caption B seems more straightforward and humorous. The user mentioned that people wouldn't want to wear winter clothes in the desert, so the ""worst Groupon"" plays on the idea that this is a bad deal—like they got a terrible deal that led to this situation. It's a bit of a pun on the word ""Groupon"" as a metaphor for a bad deal. Whereas caption A is more abstract and might not land as well. 

Also, considering the context: the cartoon is absurd, so the funniest caption should highlight the ridiculousness. ""Worst Groupon ever"" is a clear, concise joke that ties into the situation. The phrase is used in internet culture to express something being the worst, so it's a good fit. 

I think B is funnier. The user wants me to end with <answer>B</answer>. Let me double-check. Is there any chance A is funnier? ""Cyclical"" might be a play on the cycle of seasons, but in a desert, seasons aren't as cyclical as in temperate regions. However, the humor here is weaker because it's not as direct. The desert doesn't have winter in the same way—so the cyclical idea doesn't really apply. Whereas B is a sharp, relatable joke that's more on point. Yeah, B wins.
</think>

The cartoon shows two men in winter clothing attempting to ski on desert sand, which is inherently absurd due to the mismatched environment. Caption A (""Don't worry, it's cyclical"") is vague and doesn't directly address the ridiculousness—it implies a repetitive cycle (e.g., seasons), but the desert's climate isn't cyclical in a way that fits this scenario, making it feel forced. Caption B (""Worst Groupon ever!"") is sharper and more relatable: it uses a modern internet meme (Groupon = discount deals) to sarcastically imply the men got a terrible ""deal"" (wearing winter clothes in the desert), highlighting the absurdity with a punchy, conversational tone. The humor lands better because it ties the situation to a real-world context (bad deals) while being concise and unexpected.

<answer>B</answer>",
1,3572e871e89202c3f39ed3ea82ca58c0,B,B,True,"We are evaluating two captions for a funny caption contest. The cartoon shows two giraffes in a house: one on the couch watching TV. The uncanny detail is that giraffes are doing human things.

Caption A: ""Would you like to watch a documentary about human evolution?""
Caption B: ""Sorry I'm late. I hit every traffic light coming home.""

We need to determine which is funnier.

Analysis:

- The context: Giraffes doing human things (like watching TV) is already absurd and funny because giraffes are large animals that don't typically do such activities. The humor comes from the juxtaposition of giraffes and human-like behavior.

- Caption A: This caption is a bit of a play on words. The giraffe is watching TV, so the caption is a question that implies the giraffe is asking about human evolution. But note: the giraffe is a human-like entity in the cartoon? Actually, the giraffe is doing human things (watching TV) so it's a giraffe that's acting like a human. The caption says: ""Would you like to watch a documentary about human evolution?"" This is funny because the giraffe is a mammal that has been around for millions of years (so it's not human) and it's asking about human evolution? Wait, that might not be the best. Alternatively, the humor could be that the giraffe is so tall that it's looking at the TV from a very high perspective? But the caption is a bit odd because it's a documentary about human evolution? How would a giraffe know about human evolution? Also, the giraffe is watching TV, so it's a bit of a twist.

  However, let's think: The giraffe is in the house on the couch watching TV. So it's a giraffe that's doing a human activity. The caption is a question that the gir: ""Would you like to watch a documentary about human evolution?"" This is funny because the giraffe is asking about human evolution? But the giraffe itself is a mammal that has been around for a long time (so it's not human) and it's in a house? It's a bit of a stretch. Also, the documentary about human evolution would be about how humans evolved from earlier species, which the giraffe wouldn't be part of. But the humor might come from the fact that the giraffe is so tall that it's looking down at the TV? Or maybe the giraffe is trying to be sophisticated? It's a bit of a stretch.

- Caption B: ""Sorry I'm late. I hit every traffic light coming home."" This is a classic human phrase that a giraffe would say. The humor here is that giraffes don't have cars, traffic lights, or the concept of driving. So the giraffe is saying that it hit every traffic light? But how? It's a very absurd situation. The giraffe is a large animal that doesn't drive. This is a great example of the uncanny detail: giraffes doing human things. The caption is a direct quote that a giraffe would say in a human context. It's funny because it's so obviously not what a giraffe would do.

Comparison:

- Caption A: The humor is a bit more abstract and might be less immediate. It's a question that the giraffe is posing to the other giraffe? But the cartoon doesn't show two giraffes interacting? Wait, the cartoon shows two giraffes: one on the couch watching TV. So it's one giraffe (the one on the couch) that is speaking? The caption is from that giraffe. The humor of A is that the giraffe is asking about human evolution? But the giraffe is a mammal that has been around for a long time (so it's not human) and it's watching TV? It's a bit of a confusing joke. Also, the documentary about human evolution would be about how humans evolved from earlier species, but the giraffe is a different species. This might not be the funniest.

- Caption B: This is a classic example of anthropomorphism (giving human traits to animals) taken to an extreme. The giraffe is driving a car? But wait, the caption says ""I hit every traffic light"". How can a giraffe hit a traffic light? It's a very absurd situation. The humor comes from the fact that the giraffe is a large animal that doesn't have the physical capabilities to drive a car and yet it's saying that it hit every traffic light. It's a funny, relatable human experience (being late and hitting traffic lights) but from the perspective of a giraffe. This is a great example of the uncanny detail: giraffes doing human things. It's very funny because it's so obviously not a giraffe's normal behavior.

Which is funnier?

- Caption B is more straightforward and relatable. It's a common human phrase that the giraffe is using in a context that doesn't make sense for a giraffe. The absurdity is immediate and clear.

- Caption A is a bit more of a twist on the theme of evolution, but it's not as immediately funny. The giraffe is watching TV and then asks about human evolution? That might be confusing because the giraffe is a mammal that has been around for a long time (so it's not human) and it's asking about human evolution? It's a bit of a stretch.

Conclusion:

I think Caption B is funnier because it's a direct and relatable human situation (being late and hitting traffic lights) that is completely absurd when applied to a giraffe. The humor is in the contrast between the giraffe's natural abilities and the human activity it's describing.

Therefore, the answer is B.

But wait, let's double-check the context: The cartoon shows two giraffes in a house. One is on the couch watching TV. The uncanny detail is that giraffes are doing human things.

In Caption B, the giraffe is saying it hit every traffic light. This implies that the giraffe is driving a car? But the house is in a city? The giraffe is in a house, so it's not driving? Actually, the caption says ""coming home"" so it's a giraffe that is driving a car and then hits traffic lights? That's even more absurd. The humor is that the giraffe is a large animal that doesn't drive cars and yet it's saying it hit every traffic light. It's a great joke.

In contrast, Caption A: The giraffe is watching TV and asks if you want to watch a documentary about human evolution. This might be funny because the giraffe is so tall that it's looking down at the TV? Or it's a play on the fact that giraffes have long necks and might be watching the TV from a high place? But the documentary about human evolution is a bit odd. Also, the giraffe is asking the other giraffe? The caption is a question that the giraffe is addressing to the viewer? Or to the other giraffe? The context is a bit unclear.

However, I think the humor of B is more universal and immediate.

Let me see what the internet says? Well, we can't, but based on common sense:

In many humor contexts, the idea of an animal doing human activities in a way that's absurdly human is funny. The traffic light joke is a classic example of this. For instance, if a dog says ""I hit every traffic light"", it's funny. But a giraffe? Even funnier because it's taller and has a longer neck? The giraffe is so tall that it might not even see the traffic lights? But the caption says it hit them. So it's a very funny image.

Therefore, I choose B.

Final answer: <answer>B</answer>
</think>

The cartoon shows two giraffes in a house, with one on the couch watching TV, highlighting the uncanny detail that giraffes are doing human activities. 

- Caption A: ""Would you like to watch a documentary about human evolution?"" This caption plays on the giraffe's height (a common feature) and its TV-watching, but the humor is subtle and somewhat abstract. It implies the giraffe is asking about human evolution, which is confusing because giraffes are not humans and the documentary topic doesn't directly relate to the giraffe's actions. The joke feels a bit stretched and less immediately relatable.
  
- Caption B: ""Sorry I'm late. I hit every traffic light coming home."" This caption is funnier because it directly leverages the absurdity of giraffes doing human things in a relatable, everyday context. Traffic lights and driving are entirely human concepts that a giraffe (a large, non-vehicle-owning animal) would never experience. The phrase is a classic human apology for being late, but applied to a giraffe creates a hilarious contrast—imagine a giraffe driving a car and hitting every traffic light! It's immediate, clear, and perfectly fits the uncanny detail of the cartoon, making it more impactful and universally funny.

Caption B is funnier due to its strong juxtaposition of the giraffe's natural traits with human behavior, creating a relatable yet absurd scenario that lands with a punch.

<answer>B</answer>",
1,4170e9598805f0b0bc9596cf0602240b,A,A,True,"Okay, the user wants me to figure out which caption is funnier in a contest. The cartoon shows a man hanging an animal head on the wall, and his wife is standing by with a wine glass. The uncanny detail is that the lion's head is trying to eat the man. The two captions are: A) ""Does this make me the trophy's wife?"" and B) ""Trump still lost the election.""

First, I need to understand the context. The cartoon has a man hanging an animal head (a lion, based on the detail) on the wall. The wife is there with a wine glass, and the lion head is trying to eat him. That's pretty creepy and absurd—like a horror or comedy scene where the lion is alive and attacking. The uncanny detail makes it unsettling because it's a realistic yet impossible situation.

Now, for caption A: ""Does this make me the trophy's wife?"" Hmm, this sounds like a play on words. In some contexts, ""trophy"" could refer to a prize or something displayed, but here it's twisted. The man is hanging the lion head, so he's probably displaying it as a trophy. But the lion is trying to eat him, so it's not a safe trophy. The wife is asking if she's the ""trophy's wife,"" meaning she's the one who has the trophy (the lion head) as a wife? That doesn't make sense. Wait, maybe it's a pun. In English, ""trophy"" can be a verb meaning to display, but here it's a noun. I think this is a joke about the wife being the ""trophy"" in a marital sense—like, if the lion is the trophy, is she the wife of that trophy? That's confusing. But the humor comes from the absurdity: the lion is attacking, so the wife is questioning if she's the wife of the trophy (the lion head), which is a dead giveaway that it's not a real trophy. It's ironic because the lion is alive and eating him, so the trophy is dangerous.

Caption B: ""Trump still lost the election."" This seems straightforward. Trump is a real person, and there's a lot of political humor around him. But the cartoon shows a man hanging a lion head, which has nothing to do with Trump or elections. So this caption is a random political statement that doesn't connect to the image at all. It's like saying ""Trump lost the election"" as if it's relevant to the lion head scene. That seems forced and doesn't fit the context. In a funny caption contest, the best captions should tie into the image or create a pun with it. Here, B is probably too off-topic.

Let me think about why one might be funnier. The user mentioned it's a ""funny caption contest,"" so the captions should be clever and relevant. Caption A has a double meaning: ""trophy"" could be a display (like in a trophy room), but the wife is saying it in a way that implies she's the wife of the trophy (the lion head), which is absurd because the lion is attacking. It's a play on the word ""trophy"" meaning a prize or a display, but in this case, it's the opposite—she's the one who's being threatened. The humor is in the contrast: the lion is trying to eat him, so the wife is asking if she's the ""trophy's wife,"" meaning she's the one who has the trophy, but it's a dangerous situation. That's darkly funny and fits the uncanny detail.

Caption B is a political comment that doesn't relate to the cartoon at all. The lion head is hanging, but Trump's election isn't mentioned in the image. So this caption feels random and doesn't use the visual for humor. In a contest where captions are supposed to be funny based on the image, B might be funny in its own way (like a joke about Trump), but it's not connected to the scene, so it's probably less funny here.

Also, the uncanny detail: the lion is trying to eat the man. That's a key point. Caption A directly references the trophy aspect, which ties into the man hanging the head—so it's a pun on the display. For example, in some contexts, people hang trophies, so if the lion head is a trophy, but it's alive and attacking, the wife is jokingly asking if she's the wife of that trophy. That's clever and situational.

Whereas B is just a statement about Trump losing, which is true but irrelevant. Trump did lose the 2024 election? Wait, no—Trump lost the 2020 election to Biden, but in 2024, there's no election yet. But the point is, it's not related to the cartoon. So in this context, A is funnier because it's a pun that uses the image to create humor, while B is a random statement that doesn't interact with the scene.

I recall that in comedy, wordplay and visual puns are often funnier than random statements. Here, A is a homophone or pun on ""trophy."" Let me double-check the phrasing: ""Does this make me the trophy's wife?"" So, if the man is hanging the lion head as a trophy, then the wife is saying, ""Is this making me the wife of the trophy?"" which is absurd because trophies don't have wives. The humor comes from the implication that the lion head is a living trophy that's attacking, so it's a twist on the normal meaning.

For B, it's too vague and doesn't fit. The user might be testing if I understand the context. Since the contest is for captions that match the cartoon, A is clearly better.

So, I think A is funnier. The response should end with <answer>A</answer>.
</think>

The cartoon depicts a man hanging a lion head on the wall, with his wife holding a wine glass while the lion head actively tries to eat him. This creates a darkly absurd and uncanny scenario where the ""trophy"" (the lion head) is alive and threatening. 

Caption A (""Does this make me the trophy's wife?"") is a clever pun that plays on the double meaning of ""trophy."" In typical contexts, a trophy is a displayed prize, but here it's a literal, living lion head that's attacking the man. The wife's question implies she's jokingly questioning if she's the ""wife of the trophy"" (i.e., the lion head), which is both absurd and perfectly aligned with the scene—highlighting the irony that the trophy is dangerous and alive. This wordplay is situational, darkly humorous, and directly ties to the visual detail.

Caption B (""Trump still lost the election"") is unrelated to the cartoon. The image has no connection to politics or Trump, making this caption feel random and forced. While it might be funny in isolation (e.g., as a political joke), it fails to interact with the uncanny detail or create humor from the scene itself. In a caption contest focused on the image, this lacks relevance and cohesion.

Caption A wins because it uses the visual to craft a tight, ironic punchline that resonates with the cartoon's absurdity. Caption B is too off-topic to be funny in this context.

<answer>A</answer>",
2,98c957d5e5abad1e2b5eb6ed2dd45c7b,B,A,False,"Okay, the user wants me to pick which caption is funnier in a contest. Let me think about the cartoon scene first. There are three people in front of a house for sale, and there's chaos inside. The uncanny detail is that the house is actually home to Hell. So it's a dark, ironic situation—like they're trying to buy a house that's actually hell, which is super chaotic and scary.

Now, the two captions: Option A says ""On the disclosure form, it just says fire sale."" Option B is ""I strongly recommend you read the fine print on this one."" I need to figure out which one is funnier based on the context.

Starting with Option A: ""Fire sale"" usually means a house is sold very cheaply, like a discount. But here, the house is hell, so it's not a regular fire sale—it's hell itself. The humor comes from the contrast between the mundane phrase ""fire sale"" and the actual horror of hell. It's a play on words that makes the situation absurd and darkly funny. The phrase ""it just says"" adds to it because it implies that the disclosure form is being misleading, which fits the chaos inside.

Option B: ""I strongly recommend you read the: the fine print on this one."" This sounds like a warning to read the details, but in this context, the ""fine print"" could be the hellish contents. However, the humor here is a bit weaker. It's more of a generic phrase that might not tie as well into the specific horror of hell. The phrase ""read the fine print"" is common in real life for hidden terms, but here it's not as punchy or unexpected as Option A. It might come across as a bit too straightforward, not leveraging the hell detail as effectively.

Comparing them: Option A has a double meaning that's more ironic and directly ties to the house being hell. The chaos inside the house (which is hell) makes ""fire sale"" a terrible joke because hell isn't a fire sale—it's a place of eternal suffering. The phrase ""it just says"" suggests that the disclosure form is intentionally vague or deceptive, which adds to the humor. Option B is more of a standard warning, so it doesn't land as funny in this context. It feels like it's missing the specific twist that the house is hell.

Also, considering the user's deeper needs: They might be looking for humor that's clever and context-aware. In a caption contest, the funniest one should use the cartoon details to create a strong, unexpected punchline. Option A does that better by turning a normal real estate term into something horrifying. Option B is safer but less impactful because it's a bit cliché.

I think Option A is funnier. So my answer should be <answer>A</answer>.
</think>

The cartoon depicts three people standing in front of a house for sale with chaotic activity inside, and the uncanny detail that the house is actually home to Hell. This sets up a dark, ironic contrast between the mundane real estate context and the horrifying reality.

- **Caption A (""On the disclosure form, it just says fire sale"")** is funnier because it uses a play on words that twists the phrase ""fire sale"" (a cheap, desperate sale) into something absurdly inappropriate for Hell. The humor comes from the jarring contrast: Hell isn't a ""fire sale"" at all—it's a place of eternal chaos and suffering. The phrase ""it just says"" implies the disclosure form is dangerously misleading, which fits the cartoon's chaos perfectly. This creates a sharp, unexpected punchline that leverages the specific detail (Hell) in a clever, darkly comedic way.

- **Caption B (""I strongly recommend you read the fine print on this one"")** is less funny because it's a generic real estate warning that doesn't fully exploit the Hell twist. While it hints at hidden dangers, it feels too straightforward and lacks the same level of irony or surprise. The ""fine print"" here doesn't tie as directly to Hell as Caption A does, making it feel more like a standard caution than a joke that fits the cartoon's dark theme.

Caption A wins because it’s more precise, ironic, and directly ties the humor to the uncanny detail (Hell), creating a stronger comedic impact in this context.

<answer>A</answer>",
2,054813feb2c8de8434b9ad048457aec9,B,B,True,"Okay, the user wants me to decide which caption is funnier in a contest. Let me look at the cartoon description first. There's a man at a desk with a huge glass of pencils and a huge pencil sharpener, and another man sitting across from him. The uncanny detail mentions gigantic objects like the pencil sharpener and big pencils in a glass. 

So, caption A says: ""They're from the Claes Oldenburg for Target collection."" Hmm, Claes Oldenburg is a famous sculptor known for large-scale sculptures. Target does have a line called ""Claes Oldenburg"" that features giant sculptures. But the caption says ""for Target collection,"" which might be a bit off because Target's collection is actually called the ""Claes Old: Target Collection"" or something similar. Wait, no, Target has a line of sculptures by Oldenburg that are meant to be displayed in stores. But the key here is that the cartoon shows gigantic objects, so if someone says they're from Oldenburg's Target collection, it's a play on the fact that those sculptures are huge and meant to be in a store. But the problem is the phrasing: ""for Target collection"" might be a bit awkward. Target's collection is usually referred to as ""Target's Claes Oldenburg Collection"" or ""Claes Oldenburg for Target."" Maybe it's a pun here. The humor comes from the idea that the giant pencils and sharpener are part of a Target store display, which is absurd because you don't have giant pencils in a real Target store. Wait, no, Target does have some giant sculptures in their stores as part of their ""Target Collection"" line. But the caption says ""They're from the Claes Oldenburg for Target collection."" That might be a bit of a misstatement, but the humor here is the absurdity of the scale—like, these are giant sculptures that are supposed to be in a Target store, but in the cartoon, they're on a desk. So it's a pun on the scale of the objects.

Caption B: ""But I have to warn you, carpal tunnel here is a bitch."" This is a play on the phrase ""carpal tunnel syndrome,"" which is a condition where repetitive hand movements cause pain in the hand. The caption is saying that because the man is using giant pencils, his hands are getting cramped, leading to carpal tunnel. The humor here is the exaggeration—using giant pencils would be really hard on the hands, so the joke is that the person is suffering from carpal tunnel because of the size of the pencils. But the phrase ""carpal tunnel here is a bitch"" is a bit of a pun because ""here"" refers to the desk, and ""carpal tunnel"" is a medical condition. The humor comes from the absurdity of the situation: you'd think using giant pencils would be a problem, but the phrase is a play on the actual condition.

Now, comparing the two. Caption A is a reference to a real thing (Claes Oldenburg's sculptures for Target), but the phrasing is a bit off. The humor here is the contrast between the giant objects and the idea that they're from a Target store display. But since the cartoon shows them on a desk, it's funny that they're part of a store collection. However, the caption might be a bit obscure because not everyone knows about Target's sculptures. 

Caption B is more relatable. Carpal tunnel syndrome is a common issue, and the joke is that using giant pencils would cause it. The phrase ""carpal tunnel here is a bitch"" is a bit of a pun because ""here"" refers to the desk, and ""carpal tunnel"" is a condition that's usually caused by repetitive motions. The humor here is the absurdity of the situation—using giant pencils would be so hard that you get carpal tunnel. It's a more direct and relatable joke because carpal tunnel is something people might have experienced. 

The user might be looking for which is funnier. I think B is funnier because it's a play on a common phrase and the situation is more absurd in a way that's easy to get. Caption A is a bit of a reference that might not land for everyone, but the cartoon's detail of gigantic objects makes it funny that they're from a Target collection. Wait, but the problem says ""Uncanny detail: There are gigantic objects on the table..."" so the caption A is saying that the pencils and sharpener are from Oldenburg's Target collection, which is a real thing. Target has a collection of sculptures by Oldenburg that are displayed in stores, but they're not actually in the store as part of the desk. So the humor here is that these giant objects are part of a Target store display, but in the cartoon, they're on a desk, which is a bit absurd. 

But caption B is more of a pun on the phrase ""carpal tunnel"" being a condition that's caused by repetitive motions, and here the giant pencils would cause it. The phrase ""carpal tunnel here is a bitch"" is a bit of a twist because ""here"" refers to the desk, and the condition is usually in the hands. The humor is in the exaggeration. 

I think B is funnier because it's a more immediate and relatable joke. The audience might find it funnier because carpal tunnel is a common issue, and the situation of using giant pencils is absurd enough to cause it. The caption A is a bit of a niche reference that might not be as funny to everyone. 

Wait, but the user says ""which caption do you find funnier?"" So I need to pick one. Let me think again. In caption A, the phrase ""Claes Oldenburg for Target collection"" is a bit of a misstatement. Target's collection is called ""Claes Oldenburg: Target Collection"" or something like that. But the humor is that these are giant sculptures that are part of a Target store display, but in the cartoon, they're on a desk, so it's funny that they're not actually in a store. 

But caption B is a play on the phrase ""carpal tunnel"" in a humorous context. The phrase ""carpal tunnel here is a bitch"" is a bit of a pun because ""here"" refers to the desk, and the condition is usually in the hands. The humor comes from the absurdity of the situation. 

I think B is funnier because it's a more direct and relatable joke. The audience might find it funnier because it's a common issue (carpal tunnel) being exaggerated in a funny way. The caption A is a bit of a reference that might not be as universally funny. 

So I'll go with B as funnier.
</think>

The cartoon features absurdly large objects (gigantic pencils and a pencil sharpener) on a desk, creating a humorous contrast between the scale and the mundane setting. Caption A references Claes Oldenburg's sculptures for Target, which are indeed large-scale works displayed in stores—this plays on the idea that the objects are part of a commercial display, but the phrasing (""for Target collection"") is slightly awkward and niche, making it less universally funny. Caption B, however, directly ties the absurdity of the scene to a relatable, everyday problem (carpal tunnel syndrome) with a clever twist: the giant pencils would cause physical strain, making the phrase ""carpal tunnel here is a bitch"" both a pun on the condition and a humorous exaggeration of the situation. This caption is funnier because it’s more accessible, relatable, and uses a common phrase in a way that feels immediate and absurd without relying on obscure references. 

<answer>B</answer>",
3,e6e47b759cd72a472bb2c064af4acee3,A,A,True,"Okay, the user wants me to decide which caption is funnier in a contest. Let me look at the scenario again. There's a cartoon with two women on a couch and a man sitting on top of a huge egg that's acting as a chair. The uncanny detail is that the egg is a chair. 

First, I need to understand both captions. Caption A says: ""He's brooding again."" Brooding usually means someone is being sad or thoughtful in a gloomy way. But here, the man is sitting on an egg that's a chair. If he's brooding, it's a bit odd because eggs aren't typical for sitting. But the humor might come from the contrast—brooding is a human emotion, but he's on an egg. Wait, the egg is a chair, so he's sitting normally on it. Hmm, maybe the humor is that he's brooding while being on an egg chair, which is unusual.

Caption B: ""I do the night shift."" This one is tricky. The caption says ""I,"" so it's from the perspective of someone else. But the scene shows two women and a man. If the man is on the egg chair, maybe ""I"" refers to one of the women? But the caption is in first person. The night shift is a job that's done at night, but the scene doesn't show any time context. The egg being a chair is the uncanny detail. The humor here might be that the egg is so big it's a chair, so the man is sitting on it, but the night shift is a stretch. Wait, maybe it's a play on words. Like, the egg is a chair, so ""I do the night shift"" could mean that the egg is the chair for the night shift? But that seems a bit forced.

Let me think about the humor. The key is the uncanny detail: huge egg as a chair. So the man is sitting on it, which is odd because eggs aren't chairs. Caption A: ""He's brooding again."" Brooding is a human behavior, but he's on an egg. The humor might be that he's brooding while being on an egg, which is absurd. But the egg is a chair, so it's a bit normal to sit on it. Wait, no, the problem is that eggs aren't chairs, so sitting on one is weird. So if he's brooding, it's funny because he's sitting on an egg chair, which is a strange situation.

Caption B: ""I do the night shift."" The night shift is typically a job that's done at night. But the scene is a living room with two women and a man. The humor here might be that the man is on the egg chair, so ""I"" could be one of the women saying they do the night shift, but the egg chair is a chair, so maybe it's a pun. Wait, the egg is a chair, so the man is sitting on it. If the caption is ""I do the night shift,"" it might imply that the egg is the night shift chair? But that doesn't make much sense. Alternatively, the humor could be that the egg is so big it's a chair, so the man is sitting on it, but the night shift is a time when you work, so maybe it's a play on the word ""night"" as in ""night"" and ""night"" as in ""night shift,"" but the egg is a chair, so it's a bit confusing.

Wait, another angle: The caption ""I do the night shift"" might be a pun on ""night shift"" and ""night"" as in the egg. But eggs are usually associated with night? Like, eggs are laid at night? Not really. Maybe it's a play on the word ""shift"" in the context of the egg. For example, in some contexts, eggs are ""shifted"" but that's not common. Alternatively, the humor could be that the man is sitting on an egg chair, so he's doing the night shift by sitting on the egg? But that seems a stretch.

Let me compare the two. Caption A is more straightforward: the man is brooding again. Brooding is a common phrase for being sad, so if he's brooding while sitting on an egg chair, it's funny because the egg chair is absurd. The humor here is the contrast between a human emotion and the unusual setting. For example, ""he's brooding"" implies he's being serious and gloomy, but he's on an egg, which is a bit silly. So the caption A is funny because it's a relatable human behavior in an absurd situation.

Caption B: ""I do the night shift."" If ""I"" refers to the man, then it's odd because the man is sitting on the egg chair. But the night shift is a job, so it's not clear. Alternatively, if ""I"" refers to one of the women, then the humor might be that they do the night shift, but the egg chair is a chair, so it's not directly related. The problem is that the caption B doesn't connect well with the egg chair detail. The egg being a chair is the key detail, so the humor should tie into that. 

Wait, another thought: The phrase ""I do the night shift"" might be a pun on ""night shift"" as in ""night"" (the time) and ""shift"" (a part of the egg). But eggs don't have shifts. Alternatively, the word ""shift"" can mean to move or change, but that's a stretch. 

In contrast, caption A: ""He's brooding again"" is a common phrase that people use to describe someone being moody. The humor here is that the man is sitting on an egg chair (which is a huge egg used as a chair), so he's brooding again—meaning he's been brooding before. The absurdity of the situation makes it funny. It's a play on the normal context (brooding) with the unusual object (egg chair). 

Caption B might be less funny because it's not directly related to the egg chair. The night shift is a job, but the scene doesn't indicate time of day. The egg chair is the key detail, so the caption that ties into that would be funnier. 

For example, if the caption was ""This egg is my night shift chair,"" but it's not. The existing captions are A and B. 

I think caption A is funnier because it's a more direct play on the situation. The man is brooding, which is a human action, but he's sitting on an egg that's a chair. The humor comes from the contrast. Caption B is a bit vague and doesn't leverage the egg chair detail as well. 

So, the answer should be A.
</think>

The cartoon features a man sitting on a huge egg that's acting as a chair, which is inherently absurd and uncanny. Caption A (""He's brooding again"") is funnier because it directly contrasts a relatable human behavior (brooding) with the bizarre setting (sitting on an egg chair). The humor lies in the juxtaposition of the man's typical emotional state with the surreal object, creating a clear, immediate absurdity that fits the scene perfectly. Caption B (""I do the night shift"") is less connected to the egg chair detail and feels vague or forced, as the night shift doesn't naturally tie into the egg's role as a chair. The humor in A is more cohesive and unexpected, making it the funnier choice.

<answer>A</answer>",
3,7d1523ceae9fd7971f8950726963a1db,B,B,True,"Okay, the user wants me to figure out which caption is funnier in this contest. Let me break down the scenario. 

First, the cartoon shows a centaur in front of old columns talking to a snail man. The uncanny detail is that there are no sn. Wait, no—snail men? The user said ""snail men"" but in the context, it's probably ""snail men"" meaning creatures with snails as part of their anatomy. But the key point is: ""There are no snail men in Greek mythology."" That's a big deal because Greek mythology has centaurs (half-human, half-horse), but snail men? Definitely not. So the cartoon is mixing up Greek mythology with something else, which is funny because it's a real mythological inconsistency.

Now, the two captions: 

Option A: ""I'm getting killed on the homeowner's tax."" Hmm, this sounds like a literal statement about taxes. Homeowner's tax is a real thing—like property taxes. But ""getting killed"" here is probably hyperbolic, meaning they're stressed or overwhelmed by taxes. But the problem is, the cartoon has a centaur and a snail man, so this caption doesn't seem to connect to the scene. It's a bit random. Like, why would a centaur be talking about homeowner's tax? That seems off-topic. Maybe it's a play on words, but ""killed on the homeowner's tax"" isn't a standard phrase. I think this one is weak because it doesn't tie into the mythological mix-up.

Option B: ""I see you are unfamiliar with French Mythology."" Wait, French mythology? That's odd because Greek mythology is the one with centaurs. The user mentioned ""Greek mythology"" in the uncanny detail. But here, the caption says ""French Mythology."" That's a pun! Because the centaur is from Greek myths, but the caption says French—so it's a joke about the nationality. Like, the person is saying the snail man doesn't know French myths, but actually, there are no snail men in *any* mythology, let alone French. French mythology? There isn't really a French mythology; it's mostly Greek and Roman. But the humor comes from the contrast: the centaur is Greek, but the caption implies French, which is a mistake. The user specified that there are no snail men in Greek mythology, so the caption is pointing out that the snail man is unfamiliar with French mythology—but since it's supposed to be Greek, this is a double entendre. It's funny because it's a mix-up of mythologies. 

Let me double-check. The uncanny detail says: ""There are no snail men in Greek mythology."" So the cartoon is fake—snail men don't exist in Greek myths. The caption B says ""unfamiliar with French Mythology,"" which is a play on words. Because the centaur is from Greek mythology, but the caption says French, so it's a joke that the snail man (who isn't in any myth) doesn't know French myths. That's clever. It's a pun on the nationality, making it funny because it's a non-sequitur but also highlights the inconsistency. 

Option A is just a tax joke that doesn't relate to the scene. The user is voting for which is funnier, so B seems funnier because it ties into the mythological error. The humor in B is the wordplay: ""French"" vs. ""Greek."" The centaur is Greek, so saying ""French mythology"" is a mistake that's funny. Also, the fact that snail men don't exist in any mythology makes this caption even funnier because it's pointing out the absurdity. 

I think B is the funnier one. The user wants me to end with <answer>B</answer>. 

Wait, but let me make sure. Is there a chance A is funnier? Like, if ""homeowner's tax"" is a pun? But homeowner's tax is a real thing in some places, like property taxes. ""Getting killed"" is slang for being overwhelmed. But in this context, the cartoon has a centaur and a snail man—so the caption A doesn't connect to the scene at all. It's too random. Whereas B directly addresses the mythological mix-up. So yeah, B is funnier.
</think>

The cartoon features a centaur (a Greek mythological creature) interacting with a snail man, which is absurd because snail men don't exist in Greek mythology (as noted). Caption B (""I see you are unfamiliar with French Mythology"") is funnier because it plays on the nationality mix-up: the centaur is from *Greek* mythology, but the caption falsely implies the snail man is unfamiliar with *French* mythology (which doesn't exist as a coherent tradition). This creates a clever, unexpected pun that highlights the cartoon's uncanny detail while being a direct joke about mythological inaccuracy. Caption A (""I'm getting killed on the homeowner's tax"") is too unrelated to the scene and lacks the same layer of wordplay or mythological irony. 

<answer>B</answer>",
4,eac22d303bc42c213558ae275a9552c0,A,B,False,"Okay, the user wants me to decide which caption is funnier in a contest. Let me break this down. The cartoon shows an usher opening an elevator door, and an astronaut is about to get off. There's an uncanny detail: a man dressed as an astronaut on Earth, even though there's oxygen. 

First, I need to understand the humor here. The key is the absurdity of an astronaut on Earth without a space environment. Normally, astronauts need a vacuum suit or oxygen in space, but here he's on Earth with oxygen. That's weird because Earth has oxygen, so why is he dressed as an astronaut? Maybe it's a joke about the contrast between space and Earth.

Now, looking at the two captions:

Caption A: ""After the top floor, you're on your own."" This sounds like a play on elevator phrases. Elevators have floors, so ""top floor"" is the highest level. But the joke is that after that, the person is alone—like they're on their own in space? Wait, no. The astronaut is getting off the elevator. If it's an elevator on Earth, the top floor is still Earth. The phrase ""you're on your own"" usually means you're alone without help, but in this context, the astronaut is supposed to be in space. Hmm, maybe it's a pun on ""top floor"" meaning the highest point, but the astronaut is in space? That doesn't quite fit.

Caption B: ""Back to the stratosphere, shall we?"" The stratosphere is a layer of Earth's atmosphere, not space. Space starts after the Kármán line, but the stratosphere is part of Earth's atmosphere. So, the astronaut is on Earth (with oxygen), but the stratosphere is where the air gets thin. The humor here is that the astronaut is supposed to be in space, but he's back on Earth in the stratosphere? Wait, no. The stratosphere is above Earth's surface, but the astronaut is in an elevator on Earth. So, the caption is saying ""back to the stratosphere"" as if he's returning to space, but he's actually on Earth. That's a double meaning—stratosphere is a real layer, but in space context, it's confusing.

The uncanny detail: the man is dressed as an astronaut on Earth with oxygen. Normally, astronauts in space need a vacuum, but here he's on Earth with oxygen. So the joke is that he's in a space suit on Earth, which is absurd because space suits are for vacuum. But the caption should tie into that.

Let me think about the humor mechanics. Caption B uses ""stratosphere,"" which is a specific atmospheric layer. The stratosphere is about 10-50 km above Earth, but the elevator is on Earth's surface. So the astronaut is getting off the elevator on Earth, but the caption says ""back to the stratosphere,"" implying he's going up into space. But he's on Earth, so it's a pun on the term ""stratosphere"" being used incorrectly for space. That's clever because it's a play on words—stratosphere is not space, but people might confuse it with space.

Caption A: ""After the top floor, you're on your own."" This might be referencing that after the top floor of an elevator, you're alone (like in space), but the astronaut is supposed to be in space. However, the elevator is on Earth, so ""top floor"" is Earth's surface. The phrase ""you're on your own"" could mean the astronaut is alone in space, but the context is Earth. So it's a bit vague. 

The key difference is the use of ""stratosphere."" In the context of the cartoon, since the astronaut is on Earth with oxygen, but the stratosphere is where the air thins, it's a humorous twist. The caption B is more precise because it directly references a real atmospheric layer that's not space, making the astronaut's presence on Earth absurd. 

Also, the phrase ""shall we?"" is a bit of a playful invitation, which adds to the humor. It's a bit of a pun that the astronaut is back in the stratosphere (which is part of Earth) but the elevator is on Earth, so he's not actually in space. That's a clever double meaning.

Caption A might be a bit too generic. ""After the top floor"" is a common elevator phrase, but the humor here is weak because it doesn't tie into the space context as strongly. The astronaut being on Earth with oxygen is the uncanny detail, so the caption should highlight the space vs. Earth contrast.

I think Caption B is funnier because it uses a specific term that's a real layer of Earth's atmosphere, creating a humorous confusion between Earth's atmosphere and space. The astronaut is supposed to be in space, but he's on Earth, so saying ""back to the stratosphere"" (which is still Earth) is a funny mistake. It's a pun that's more targeted to the uncanny detail.

Let me check online quickly to confirm: The stratosphere is the layer above the troposphere, starting around 10 km up. Space is beyond the Kármán line at about 100 km. So the stratosphere is not space, but it's a real term. The joke is that the astronaut is in a space suit on Earth, so he's supposed to be in space, but he's on Earth, so ""back to the stratosphere"" is a funny way to say he's still on Earth but in a high atmosphere layer.

Yes, that makes sense. So Caption B is funnier because it's a precise wordplay that ties into the astronaut's presence on Earth with oxygen (since the stratosphere has less oxygen but still some, unlike space). The caption B is more clever and directly addresses the absurdity.

So the answer should be B.
</think>

The cartoon's uncanny detail—**a man dressed as an astronaut on Earth with oxygen**—creates a humorous contrast between space and Earth. The key is that astronauts in space require a vacuum, but here the man is on Earth (where oxygen exists), making his space suit absurd. 

- **Caption A** (""After the top floor, you're on your own"") is a generic elevator pun that doesn't strongly tie to the space context. It implies isolation after the top floor, but the astronaut is *on Earth*, not in space, so the humor feels vague and less targeted to the uncanny detail.  
- **Caption B** (""Back to the stratosphere, shall we?"") is funnier because it uses a precise atmospheric layer (the stratosphere, which is part of Earth's atmosphere, *not* space) as a pun. The astronaut is supposed to be in space, but he's *on Earth* with oxygen—so ""back to the stratosphere"" humorously implies he's returning to a high-altitude layer *still on Earth*, not space. This directly plays on the absurdity of the astronaut's presence on Earth with oxygen, making it clever and contextually sharp. The phrase ""shall we?"" adds a playful, almost conversational twist that enhances the humor.

Caption B’s wordplay is more tightly linked to the uncanny detail and creates a clearer, more satisfying joke than Caption A’s generic elevator reference. 

<answer>B</answer>",
4,a04d20d378d712cadef86ca0b4043f65,A,A,True,"Okay, the user wants me to pick which caption is funnier for a contest. Let me look at the cartoon description first. There's a dog on a spaceship surrounded by aliens who are staring at him. The uncanny detail is that there's a dog in an alien spacecraft. 

Now, the two captions: Option A says ""Results are still preliminary, but all indications suggest that he is a... good boy."" Option B is ""We agreed that a tattoo wouldn't express commitment in quite the same way."" 

Hmm, I need to figure out why one is funnier. The cartoon has this weird contrast—dog in space with aliens. The humor probably comes from the absurdity of the situation. 

For caption A: It's a play on the phrase ""good boy"" but in a context where the dog is in space. The aliens are staring, so they might be judging him. The phrase ""results are preliminary"" sounds like a scientific or official statement, but then it says he's a good boy. That's ironic because in space with aliens, being a ""good boy"" is odd. The dog is probably not a good boy in the usual sense—like, he's just a dog on a spaceship. The humor here is the contrast between the formal language and the silly situation. It's a bit of a pun on the phrase ""good boy"" but applied to an alien context. 

Caption B talks about tattoos and commitment. That seems unrelated to the cartoon. The cartoon is about a dog in space with aliens staring. There's no mention of tattoos here. So this caption feels like it's off-topic. The user might have thought it's a joke about tattoos not expressing commitment, but the context doesn't match. That could be why it's not funny—it's irrelevant. 

The uncanny detail is the dog in an alien spacecraft. So the humor should tie into that. Caption A uses ""good boy"" in a way that's ironic because the dog is in space, so he's not a ""good boy"" in the typical sense—maybe the aliens think he's weird. The phrase ""results are preliminary"" adds a scientific vibe that contrasts with the dog being a good boy. It's a bit of a twist on the idea that the dog is being evaluated by aliens. 

Caption B doesn't connect at all. Tattoos and commitment? The cartoon has no tattoos mentioned. So it's probably a red herring. The user might have made a mistake in the captions, but based on the info, B is unrelated. 

I think A is funnier because it plays on the absurdity of the situation. The aliens are staring at the dog, so saying he's a ""good boy"" in a preliminary report is funny because it's so unexpected. Like, the aliens might be confused about what a dog is doing there. 

Also, the phrase ""good boy"" is usually for pets, so having a dog in space with aliens staring makes it humorous. The caption A is a bit of a pun that fits the scene. 

So, the answer should be A. I'll end with <answer>A</answer>.
</think>

The cartoon depicts a dog in an alien spacecraft surrounded by aliens staring at him, creating an absurd and uncanny scenario. Caption A (""Results are still preliminary, but all indications suggest that he is a good boy"") cleverly plays on the contrast between the formal, scientific phrasing (""results are preliminary"") and the childish, pet-like term ""good boy."" This juxtaposition highlights the dog's bizarre situation—being judged by aliens as a ""good boy"" in a context where he's clearly not a typical pet—making it ironic and humorous. The caption fits the scene perfectly, turning the alien stare into a comical evaluation of the dog's behavior.

Caption B (""We agreed that a tattoo wouldn't express commitment in quite the same way"") is irrelevant to the cartoon's context. There are no tattoos, no commitment themes, and no connection to the aliens or spaceship. It feels randomly unrelated, which undermines its humor and makes it less funny in this specific scenario.

Thus, <answer>A</answer>",
